{
   "dashboards": [{
      "adapterName": "VMware vSphere",
      "autoswitchEnabled": false,
      "columnCount": 1,
      "columnProportion": "1",
      "creationTime": 1622592259850,
      "dashboardNavigations": {"99ea9563-4f86-4435-ba4d-1c852ed285e7": [
         {
            "id": "a186e6aa-3de0-4318-9a8f-e7b35efe4ad7",
            "widgets": []
         },
         {
            "id": "6a56ac8e-7d2d-481e-9407-5af3c4248bde",
            "widgets": []
         },
         {
            "id": "30a2564a-9eaf-4833-9d41-4fd45c57aefb",
            "widgets": []
         },
         {
            "id": "103d80ba-7588-46e3-83d9-2e02f65a9c85",
            "widgets": []
         },
         {
            "id": "4b5c602a-6105-48d4-9318-d37c27ba1209",
            "widgets": []
         },
         {
            "id": "836cc887-86e5-4e84-b4d6-abca177e2394",
            "widgets": []
         }
      ]},
      "description": "This dashboard provides a guided troubleshooting for each of your virtual machines.",
      "disabled": false,
      "gridsterMaxColumns": 12,
      "hidden": true,
      "homeTab": false,
      "id": "568b7df2-f01c-41e6-9aee-d67cfaac5578",
      "importAttempts": 0,
      "importComplete": true,
      "lastUpdateTime": 1622642417128,
      "lastUpdateUserId": "be2afe9f-b391-4c40-aa1c-50fd46607b29",
      "locked": false,
      "name": "Web Hosting VM Dashboard",
      "namePath": "Dashboard Library/Deprecated",
      "rank": 0,
      "shared": true,
      "states": [],
      "temporary": false,
      "userId": "be2afe9f-b391-4c40-aa1c-50fd46607b29",
      "widgetInteractions": [
         {
            "type": "resourceId",
            "widgetIdProvider": "99ea9563-4f86-4435-ba4d-1c852ed285e7",
            "widgetIdReceiver": "2011d2a0-0e05-4160-abcd-8225d2e0f217"
         },
         {
            "type": "resourceId",
            "widgetIdProvider": "99ea9563-4f86-4435-ba4d-1c852ed285e7",
            "widgetIdReceiver": "46d0600b-4013-4539-88a7-975bcee51b5f"
         },
         {
            "type": "resourceId",
            "widgetIdProvider": "99ea9563-4f86-4435-ba4d-1c852ed285e7",
            "widgetIdReceiver": "88fa0906-bc1b-4c7b-bf43-1d32f83aa7a1"
         },
         {
            "type": "resourceId",
            "widgetIdProvider": "99ea9563-4f86-4435-ba4d-1c852ed285e7",
            "widgetIdReceiver": "b8b92493-5b9b-4c21-94e6-b9e7819922a0"
         }
      ],
      "widgets": [
         {
            "collapsed": false,
            "config": {
               "additionalColumns": [
                  {
                     "boxLabel": "Active Alerts",
                     "metricKey": "System Attributes|self_alert_count",
                     "metricName": "vRealize Operations Generated|Self - Alert Count",
                     "resourceKindId": "resourceKind:id:1_::_"
                  },
                  {
                     "boxLabel": "Parent vCenter",
                     "metricKey": "summary|parentVcenter",
                     "metricName": "Summary|Parent vCenter",
                     "resourceKindId": "resourceKind:id:1_::_"
                  }
               ],
               "customFilter": {
                  "excludedResources": null,
                  "filter": [],
                  "includedResources": null
               },
               "depth": 1,
               "filterMode": "tagPicker",
               "mode": "all",
               "refreshContent": {"refreshContent": true},
               "refreshInterval": 300,
               "relationshipMode": {"relationshipMode": 0},
               "resource": [],
               "selectFirstRow": {"selectFirstRow": true},
               "selfProvider": {"selfProvider": false},
               "tagFilter": {
                  "path": ["/source/kind_resourceKind:id:0_::_/tag:resource:id:0_::_"],
                  "value": {
                     "adapterInstance": [],
                     "adapterKind": [],
                     "bus": [],
                     "collector": [],
                     "day": [],
                     "exclaim": false,
                     "healthRange": [],
                     "kind": [],
                     "maintenanceSchedule": [],
                     "state": [],
                     "status": [],
                     "tag": [["resource:id:0_::_"]],
                     "tier": []
                  }
               },
               "title": "Choose a VM"
            },
            "gridsterCoords": {
               "h": 14,
               "w": 4,
               "x": 1,
               "y": 1
            },
            "height": 780,
            "id": "99ea9563-4f86-4435-ba4d-1c852ed285e7",
            "states": [{
               "key": "permResGrid_widget_568b7df2-f01c-41e6-9aee-d67cfaac5578_99ea9563-4f86-4435-ba4d-1c852ed285e7",
               "value": "o%3Acolumns%3Da%253Ao%25253Aid%25253Ds%2525253Ah1%25255Ehidden%25253Db%2525253A1%25255Ewidth%25253Dn%2525253A100%255Eo%25253Aid%25253Ds%2525253Ah2%25255Ewidth%25253Dn%2525253A278%255Eo%25253Aid%25253Ds%2525253Ah3%25255Ehidden%25253Db%2525253A1%25255Ewidth%25253Dn%2525253A100%255Eo%25253Aid%25253Ds%2525253Ah4%25255Ehidden%25253Db%2525253A1%25255Ewidth%25253Dn%2525253A100%255Eo%25253Aid%25253Ds%2525253Ah5%25255Ehidden%25253Db%2525253A1%25255Ewidth%25253Dn%2525253A100%255Eo%25253Aid%25253Ds%2525253Ah6%25255Ehidden%25253Db%2525253A1%25255Ewidth%25253Dn%2525253A100%255Eo%25253Aid%25253Ds%2525253Ah7%25255Ehidden%25253Db%2525253A1%25255Ewidth%25253Dn%2525253A100%255Eo%25253Aid%25253Ds%2525253Ah8%25255Ehidden%25253Db%2525253A1%25255Ewidth%25253Dn%2525253A100%255Eo%25253Aid%25253Ds%2525253Ah9%25255Ehidden%25253Db%2525253A1%25255Ewidth%25253Dn%2525253A100%255Eo%25253Aid%25253Ds%2525253Ah10%25255Ehidden%25253Db%2525253A1%25255Ewidth%25253Dn%2525253A100%255Eo%25253Aid%25253Ds%2525253Ah11%25255Ehidden%25253Db%2525253A1%25255Ewidth%25253Dn%2525253A100%255Eo%25253Aid%25253Ds%2525253Ah12%25255Ehidden%25253Db%2525253A1%25255Ewidth%25253Dn%2525253A100%255Eo%25253Aid%25253Ds%2525253Ah13%25255Ehidden%25253Db%2525253A1%25255Ewidth%25253Dn%2525253A100%255Eo%25253Aid%25253Ds%2525253Ah14%25255Ehidden%25253Db%2525253A1%25255Ewidth%25253Dn%2525253A100%255Eo%25253Aid%25253Ds%2525253Ah15%25255Ehidden%25253Db%2525253A1%25255Ewidth%25253Dn%2525253A100%255Eo%25253Aid%25253Ds%2525253Ah16%25255Ehidden%25253Db%2525253A1%25255Ewidth%25253Dn%2525253A100%255Eo%25253Aid%25253Ds%2525253AresourceRating%25255Ehidden%25253Db%2525253A1%255Eo%25253Aid%25253Ds%2525253Ah18%25255Ehidden%25253Db%2525253A0%25255Ewidth%25253Dn%2525253A102%255Eo%25253Aid%25253Ds%2525253Ah19%25255Ehidden%25253Db%2525253A0%25255Ewidth%25253Dn%2525253A135%255Eo%25253Aid%25253Ds%2525253Ah20%25255Ehidden%25253Db%2525253A1%25255Ewidth%25253Dn%2525253A112%255Eo%25253Aid%25253Ds%2525253Ah21%25255Ehidden%25253Db%2525253A1%25255Ewidth%25253Dn%2525253A100%255Eo%25253Aid%25253Ds%2525253Ah22%25255Ehidden%25253Db%2525253A1%25255Ewidth%25253Dn%2525253A100%255Eo%25253Aid%25253Ds%2525253Ah23%25255Ehidden%25253Db%2525253A1%25255Ewidth%25253Dn%2525253A100%255Eo%25253Aid%25253Ds%2525253Ah24%25255Ehidden%25253Db%2525253A1%25255Ewidth%25253Dn%2525253A100%255Eo%25253Aid%25253Ds%2525253Ah25%25255Ehidden%25253Db%2525253A1%25255Ewidth%25253Dn%2525253A100%255Eo%25253Aid%25253Ds%2525253Ah26%25255Ehidden%25253Db%2525253A1%25255Ewidth%25253Dn%2525253A100%255Eo%25253Aid%25253Ds%2525253Ah27%25255Ehidden%25253Db%2525253A1%25255Ewidth%25253Dn%2525253A100%255Eo%25253Aid%25253Ds%2525253Ah28%25255Ehidden%25253Db%2525253A1%25255Ewidth%25253Dn%2525253A100%255Eo%25253Aid%25253Ds%2525253Ah29%25255Ehidden%25253Db%2525253A1%25255Ewidth%25253Dn%2525253A100%255Eo%25253Aid%25253Ds%2525253Ah30%25255Ehidden%25253Db%2525253A1%25255Ewidth%25253Dn%2525253A100%255Eo%25253Aid%25253Ds%2525253Ah31%25255Ehidden%25253Db%2525253A1%25255Ewidth%25253Dn%2525253A100%255Eo%25253Aid%25253Ds%2525253Ah32%25255Ehidden%25253Db%2525253A1%25255Ewidth%25253Dn%2525253A100%255Eo%25253Aid%25253Ds%2525253Ah33%25255Ehidden%25253Db%2525253A1%25255Ewidth%25253Dn%2525253A100%255Eo%25253Aid%25253Ds%2525253Ah34%25255Ehidden%25253Db%2525253A1%25255Ewidth%25253Dn%2525253A100%255Eo%25253Aid%25253Ds%2525253Ah35%25255Ehidden%25253Db%2525253A1%25255Ewidth%25253Dn%2525253A100%255Eo%25253Aid%25253Ds%2525253Ah36%25255Ehidden%25253Db%2525253A1%25255Ewidth%25253Dn%2525253A100%255Eo%25253Aid%25253Ds%2525253Ah37%25255Ehidden%25253Db%2525253A1%25255Ewidth%25253Dn%2525253A100%255Eo%25253Aid%25253Ds%2525253Ah38%25255Ehidden%25253Db%2525253A1%25255Ewidth%25253Dn%2525253A100%255Eo%25253Aid%25253Ds%2525253Ah39%25255Ehidden%25253Db%2525253A1%25255Ewidth%25253Dn%2525253A100%255Eo%25253Aid%25253Ds%2525253Ah40%25255Ehidden%25253Db%2525253A1%25255Ewidth%25253Dn%2525253A100%255Eo%25253Aid%25253Ds%2525253Ah41%25255Ehidden%25253Db%2525253A1%25255Ewidth%25253Dn%2525253A100%255Eo%25253Aid%25253Ds%2525253Ah42%25255Ehidden%25253Db%2525253A1%25255Ewidth%25253Dn%2525253A100%255Eo%25253Aid%25253Ds%2525253Ah43%25255Ehidden%25253Db%2525253A1%25255Ewidth%25253Dn%2525253A100%255Eo%25253Aid%25253Ds%2525253Ah44%25255Ehidden%25253Db%2525253A1%25255Ewidth%25253Dn%2525253A100%255Eo%25253Aid%25253Ds%2525253Ah45%25255Ehidden%25253Db%2525253A1%25255Ewidth%25253Dn%2525253A100%255Eo%25253Aid%25253Ds%2525253Ah46%25255Ehidden%25253Db%2525253A1%25255Ewidth%25253Dn%2525253A100%255Eo%25253Aid%25253Ds%2525253Ah47%25255Ehidden%25253Db%2525253A1%25255Ewidth%25253Dn%2525253A100%5EstoreState%3Do%253Asorters%253Da%25253Ao%2525253Aroot%2525253Ds%252525253Adata%2525255Eproperty%2525253Ds%252525253AmetricValue_%252525253A%252525253A_System%2525252520Attributes%252525257Cself_alert_count%2525255Edirection%2525253Ds%252525253ADESC%2525255Eid%2525253Ds%252525253AmetricValue_%252525253A%252525253A_System%2525252520Attributes%252525257Cself_alert_count"
            }],
            "title": "Choose a VM",
            "type": "ResourceList",
            "x": 1,
            "y": 1
         },
         {
            "collapsed": false,
            "config": {
               "impactedBadge": "",
               "refreshContent": {"refreshContent": true},
               "refreshInterval": 300,
               "relationshipMode": {"relationshipMode": 0},
               "resource": {
                  "resourceId": "resource:id:1_::_",
                  "resourceName": "vSphere World"
               },
               "selfProvider": {"selfProvider": false},
               "title": "Active alerts on the VM (Top 5)",
               "topIssuesDisplayLimit": 5
            },
            "gridsterCoords": {
               "h": 5,
               "w": 6,
               "x": 5,
               "y": 10
            },
            "height": 267,
            "id": "2011d2a0-0e05-4160-abcd-8225d2e0f217",
            "title": "Active alerts on the VM (Top 5)",
            "type": "ProblemAlertsList"
         },
         {
            "collapsed": true,
            "config": {
               "customFilter": {
                  "excludedResources": null,
                  "filter": [],
                  "includedResources": null
               },
               "depth": 1,
               "metric": {
                  "mode": "resourceKind",
                  "resourceKindMetrics": [],
                  "resourceMetrics": [],
                  "subMode": "resourceKindAll"
               },
               "refreshContent": {"refreshContent": true},
               "refreshInterval": 300,
               "relationshipMode": {"relationshipMode": 0},
               "resInteractionMode": "Dash-VM-Troubleshooting-Utilization",
               "resource": [],
               "selfProvider": {"selfProvider": false},
               "title": "VM Utilization (Detailed)"
            },
            "gridsterCoords": {
               "h": 1,
               "w": 6,
               "x": 1,
               "y": 15
            },
            "height": 1008,
            "id": "46d0600b-4013-4539-88a7-975bcee51b5f",
            "states": [
               {
                  "key": "permBtn_zoomAllGraphs_permMetricChart_widget_568b7df2-f01c-41e6-9aee-d67cfaac5578_46d0600b-4013-4539-88a7-975bcee51b5f",
                  "value": "b%3A0"
               },
               {
                  "key": "permBtn_pan_permMetricChart_widget_568b7df2-f01c-41e6-9aee-d67cfaac5578_46d0600b-4013-4539-88a7-975bcee51b5f",
                  "value": "b%3A0"
               },
               {
                  "key": "permBtn_splitGraphs_permMetricChart_widget_568b7df2-f01c-41e6-9aee-d67cfaac5578_46d0600b-4013-4539-88a7-975bcee51b5f",
                  "value": "b%3A1"
               },
               {
                  "key": "permDateRange1_permMetricChart_widget_568b7df2-f01c-41e6-9aee-d67cfaac5578_46d0600b-4013-4539-88a7-975bcee51b5f",
                  "value": "s%3A%7B%22dateRange%22%3A%22last6Hour%22%2C%22dateFrom%22%3Anull%2C%22dateTo%22%3Anull%2C%22timeFrom%22%3Anull%2C%22timeTo%22%3Anull%7D"
               },
               {
                  "key": "permMetricChart_widget_568b7df2-f01c-41e6-9aee-d67cfaac5578_46d0600b-4013-4539-88a7-975bcee51b5f",
                  "value": "o%3A"
               }
            ],
            "title": "VM Utilization (Detailed)",
            "type": "MetricChart"
         },
         {
            "collapsed": false,
            "config": {
               "boxColumns": 4,
               "boxHeight": null,
               "customFilter": {
                  "excludedResources": null,
                  "filter": [],
                  "includedResources": null
               },
               "depth": 1,
               "labelSize": 16,
               "maxCellCount": 100,
               "metric": {
                  "mode": "resourceKind",
                  "resourceKindMetrics": [
                     {
                        "colorMethod": 1,
                        "handleOldColoring": false,
                        "id": "extModel140731-1",
                        "isStringMetric": false,
                        "label": "CPU Demand",
                        "link": "",
                        "metricKey": "cpu|demandPct",
                        "metricName": "CPU|Demand",
                        "metricUnitId": "percent",
                        "orangeBound": null,
                        "redBound": null,
                        "resourceKindId": "resourceKind:id:1_::_",
                        "resourceKindName": "Virtual Machine",
                        "unit": "%",
                        "yellowBound": null
                     },
                     {
                        "colorMethod": 1,
                        "handleOldColoring": false,
                        "id": "extModel141481-1",
                        "isStringMetric": false,
                        "label": "Memory Workload",
                        "link": "",
                        "metricKey": "mem|workload",
                        "metricName": "Memory|Workload",
                        "metricUnitId": "percent",
                        "orangeBound": null,
                        "redBound": null,
                        "resourceKindId": "resourceKind:id:1_::_",
                        "resourceKindName": "Virtual Machine",
                        "unit": "%",
                        "yellowBound": null
                     },
                     {
                        "colorMethod": 1,
                        "handleOldColoring": false,
                        "id": "extModel137602-1",
                        "isStringMetric": false,
                        "label": "Total IOPS",
                        "link": "",
                        "metricKey": "datastore:Aggregate of all instances|commandsAveraged_average",
                        "metricName": "Datastore:Aggregate of all instances|Total IOPS",
                        "metricUnitId": null,
                        "orangeBound": null,
                        "redBound": null,
                        "resourceKindId": "resourceKind:id:1_::_",
                        "resourceKindName": "Virtual Machine",
                        "unit": "",
                        "yellowBound": null
                     },
                     {
                        "colorMethod": 1,
                        "handleOldColoring": false,
                        "id": "extModel139205-1",
                        "isStringMetric": false,
                        "label": "Network Usage",
                        "link": "",
                        "metricKey": "net|usage_average",
                        "metricName": "Network|Usage Rate",
                        "metricUnitId": "mbitsps",
                        "orangeBound": null,
                        "redBound": null,
                        "resourceKindId": "resourceKind:id:1_::_",
                        "resourceKindName": "Virtual Machine",
                        "unit": "Mbps",
                        "yellowBound": null
                     }
                  ],
                  "resourceMetrics": [],
                  "subMode": "resourceKindAll"
               },
               "mode": {"layoutMode": "fixedSize"},
               "oldMetricValues": false,
               "periodLength": "currentMonth",
               "refreshContent": {"refreshContent": false},
               "refreshInterval": 300,
               "relationshipMode": {"relationshipMode": 0},
               "resInteractionMode": null,
               "resource": [],
               "roundDecimals": null,
               "selfProvider": {"selfProvider": false},
               "showDT": {"showDT": false},
               "showMetricName": {"showMetricName": true},
               "showMetricUnit": {"showMetricUnit": true},
               "showResourceName": {"showResourceName": false},
               "showSparkline": {"showSparkline": true},
               "title": "VM Utilization (Overview)",
               "valueSize": 24,
               "visualTheme": 8
            },
            "gridsterCoords": {
               "h": 3,
               "w": 6,
               "x": 5,
               "y": 1
            },
            "height": 152,
            "id": "88fa0906-bc1b-4c7b-bf43-1d32f83aa7a1",
            "title": "VM Utilization (Overview)",
            "type": "Scoreboard"
         },
         {
            "collapsed": false,
            "config": {
               "refreshContent": {"refreshContent": false},
               "refreshInterval": 300,
               "resource": null,
               "selfProvider": {"selfProvider": false},
               "title": "Workload Pattern"
            },
            "gridsterCoords": {
               "h": 6,
               "w": 6,
               "x": 5,
               "y": 4
            },
            "height": 324,
            "id": "b8b92493-5b9b-4c21-94e6-b9e7819922a0",
            "title": "Workload Pattern",
            "type": "IntSummaryStress"
         }
      ]
   }],
   "entries": {
      "resource": [
         {
            "adapterKindKey": "VMWARE",
            "identifiers": [],
            "internalId": "resource:id:1_::_",
            "name": "vSphere World",
            "resourceKindKey": "vSphere World"
         },
         {
            "adapterKindKey": "Container",
            "identifiers": [],
            "internalId": "resource:id:0_::_",
            "name": "Web Hosting Workloads",
            "resourceKindKey": "Function"
         }
      ],
      "resourceKind": [
         {
            "adapterKindKey": "Container",
            "internalId": "resourceKind:id:0_::_",
            "resourceKindKey": "Function"
         },
         {
            "adapterKindKey": "VMWARE",
            "internalId": "resourceKind:id:1_::_",
            "resourceKindKey": "VirtualMachine"
         }
      ]
   },
   "uuid": "6eb45410-5895-42bb-874b-f80ebaea6b4f"
}