{
   "dashboards": [{
      "adapterName": "VMware vSphere",
      "autoswitchEnabled": false,
      "columnCount": 1,
      "columnProportion": "1",
      "creationTime": 1624275523319,
      "dashboardNavigations": {},
      "description": "This is part of 2 dashboards that cover VM Performance. This focuses on the utilization. Value is not rolled up as the context here is performance and not capacity. Utilization complements contention in performance management. It lists all the VMs with their utilization. Select a VM, and its detail utilization over time will be automatically shown.",
      "disabled": false,
      "docCenterKey": "vcom_541",
      "gridsterMaxColumns": 12,
      "hidden": true,
      "homeTab": false,
      "id": "1c4eefaa-df6c-48ec-ae5e-76c693346b68",
      "importAttempts": 0,
      "importComplete": true,
      "lastUpdateTime": 1624276038651,
      "lastUpdateUserId": "be2afe9f-b391-4c40-aa1c-50fd46607b29",
      "locked": false,
      "name": "STC Private Cloud/Cloud Project VM Utilization",
      "namePath": "STC Private Cloud",
      "rank": 0,
      "shared": true,
      "states": [{
         "key": "permDashboardTime_dashboard_1c4eefaa-df6c-48ec-ae5e-76c693346b68",
         "value": "o%3AdateRange%3Ds%253Alast7Days%5EdateRangeText%3Ds%253A7D"
      }],
      "temporary": false,
      "userId": "be2afe9f-b391-4c40-aa1c-50fd46607b29",
      "widgetInteractions": [
         {
            "type": "resourceId",
            "widgetIdProvider": "909e814b-5515-4caf-b132-1abc83d9f6a8",
            "widgetIdReceiver": "7e2360e9-0122-453e-8dea-148029bd7462"
         },
         {
            "type": "resourceId",
            "widgetIdProvider": "909e814b-5515-4caf-b132-1abc83d9f6a8",
            "widgetIdReceiver": "936a5b20-a636-4d7f-9fee-5cc38b7be9a2"
         },
         {
            "type": "resourceId",
            "widgetIdProvider": "909e814b-5515-4caf-b132-1abc83d9f6a8",
            "widgetIdReceiver": "0e78a0f3-629f-4b04-8072-5dfec873dd63"
         },
         {
            "type": "resourceId",
            "widgetIdProvider": "909e814b-5515-4caf-b132-1abc83d9f6a8",
            "widgetIdReceiver": "67e3af93-862e-48ed-a0e6-54db2fe2d29a"
         },
         {
            "type": "resourceId",
            "widgetIdProvider": "909e814b-5515-4caf-b132-1abc83d9f6a8",
            "widgetIdReceiver": "cd3d867e-9824-492a-a595-316fd110f174"
         },
         {
            "type": "resourceId",
            "widgetIdProvider": "909e814b-5515-4caf-b132-1abc83d9f6a8",
            "widgetIdReceiver": "741354cc-5336-4fac-9b32-164d0e0a401b"
         },
         {
            "type": "resourceId",
            "widgetIdProvider": "862d145d-ee85-4ef2-9458-fd85036e4073",
            "widgetIdReceiver": "8430fba8-05a4-4419-8ad3-aa144ef5814d"
         },
         {
            "type": "resourceId",
            "widgetIdProvider": "862d145d-ee85-4ef2-9458-fd85036e4073",
            "widgetIdReceiver": "909e814b-5515-4caf-b132-1abc83d9f6a8"
         }
      ],
      "widgets": [
         {
            "collapsed": false,
            "config": {
               "chartViewItems": [],
               "isUpdatedView": true,
               "refreshContent": {"refreshContent": false},
               "refreshInterval": 300,
               "resource": null,
               "selectFirstRow": {"selectFirstRow": false},
               "selfProvider": {"selfProvider": false},
               "title": "VMs Peak Utilization",
               "traversalSpecId": "",
               "viewDefinitionId": "2c07c6a4-c424-408b-9e42-e5001deae6ca"
            },
            "gridsterCoords": {
               "h": 22,
               "w": 6,
               "x": 1,
               "y": 7
            },
            "height": 1236,
            "id": "909e814b-5515-4caf-b132-1abc83d9f6a8",
            "states": [
               {
                  "key": "permPageSize_widget_1c4eefaa-df6c-48ec-ae5e-76c693346b68_909e814b-5515-4caf-b132-1abc83d9f6a8",
                  "value": "n%3A30"
               },
               {
                  "key": "perm_toolbarVisible_widget_1c4eefaa-df6c-48ec-ae5e-76c693346b68_909e814b-5515-4caf-b132-1abc83d9f6a8",
                  "value": "b%3A0"
               },
               {
                  "key": "permSelectedDate_widget_1c4eefaa-df6c-48ec-ae5e-76c693346b68_909e814b-5515-4caf-b132-1abc83d9f6a8",
                  "value": "s%3A%7B%22minType%22%3A%22.TimeIntervalControl%22%2C%22advancedTimeMode%22%3Afalse%2C%22fromTime%22%3Anull%2C%22unit%22%3A%22DAYS%22%2C%22count%22%3A7%2C%22priorUnit%22%3Anull%2C%22priorCount%22%3Anull%2C%22startSubUnit%22%3Anull%2C%22startPeriod%22%3Anull%2C%22toTime%22%3Anull%2C%22endUnit%22%3Anull%2C%22endCount%22%3Anull%2C%22endSubUnit%22%3Anull%2C%22endPeriod%22%3Anull%7D"
               }
            ],
            "title": "VMs Peak Utilization",
            "type": "View"
         },
         {
            "collapsed": false,
            "config": {
               "chartViewItems": [],
               "isUpdatedView": true,
               "refreshContent": {"refreshContent": false},
               "refreshInterval": 300,
               "resource": null,
               "selectFirstRow": {"selectFirstRow": false},
               "selfProvider": {"selfProvider": false},
               "title": "CPU Usage (%)",
               "traversalSpecId": "",
               "viewDefinitionId": "e5d6918b-4ffe-459e-b4a1-816956da7724"
            },
            "gridsterCoords": {
               "h": 5,
               "w": 6,
               "x": 7,
               "y": 7
            },
            "height": 267,
            "id": "7e2360e9-0122-453e-8dea-148029bd7462",
            "title": "CPU Usage (%)",
            "type": "View"
         },
         {
            "collapsed": false,
            "config": {
               "chartViewItems": ["legend"],
               "isUpdatedView": true,
               "refreshContent": {"refreshContent": false},
               "refreshInterval": 300,
               "resource": null,
               "selectFirstRow": {"selectFirstRow": false},
               "selfProvider": {"selfProvider": false},
               "title": "Memory (GB)",
               "traversalSpecId": "",
               "viewDefinitionId": "d0be75e9-3954-4f18-a442-b7d512e3ecec"
            },
            "gridsterCoords": {
               "h": 5,
               "w": 6,
               "x": 7,
               "y": 12
            },
            "height": 267,
            "id": "936a5b20-a636-4d7f-9fee-5cc38b7be9a2",
            "title": "Memory (GB)",
            "type": "View"
         },
         {
            "collapsed": true,
            "config": {
               "chartViewItems": ["legend"],
               "isUpdatedView": true,
               "refreshContent": {"refreshContent": false},
               "refreshInterval": 300,
               "resource": null,
               "selectFirstRow": {"selectFirstRow": false},
               "selfProvider": {"selfProvider": false},
               "title": "Network Throughput (MB/s)",
               "traversalSpecId": "",
               "viewDefinitionId": "06ffd2bf-35b3-446f-a569-60ef51a4683a"
            },
            "gridsterCoords": {
               "h": 1,
               "w": 6,
               "x": 7,
               "y": 32
            },
            "height": 267,
            "id": "67e3af93-862e-48ed-a0e6-54db2fe2d29a",
            "title": "Network Throughput (MB/s)",
            "type": "View"
         },
         {
            "collapsed": false,
            "config": {
               "chartViewItems": ["legend"],
               "isUpdatedView": true,
               "refreshContent": {"refreshContent": false},
               "refreshInterval": 300,
               "resource": null,
               "selectFirstRow": {"selectFirstRow": false},
               "selfProvider": {"selfProvider": false},
               "title": "Disk Throughput (MB/s)",
               "traversalSpecId": "",
               "viewDefinitionId": "a70ec700-613e-4f5f-8af8-a832a225af00"
            },
            "gridsterCoords": {
               "h": 5,
               "w": 6,
               "x": 7,
               "y": 27
            },
            "height": 267,
            "id": "0e78a0f3-629f-4b04-8072-5dfec873dd63",
            "title": "Disk Throughput (MB/s)",
            "type": "View"
         },
         {
            "collapsed": false,
            "config": {
               "chartViewItems": ["legend"],
               "isUpdatedView": true,
               "refreshContent": {"refreshContent": false},
               "refreshInterval": 300,
               "resource": null,
               "selectFirstRow": {"selectFirstRow": false},
               "selfProvider": {"selfProvider": false},
               "title": "Disk IOPS",
               "traversalSpecId": "",
               "viewDefinitionId": "5c1624d0-0c69-4685-9765-a18a9f84aabb"
            },
            "gridsterCoords": {
               "h": 5,
               "w": 6,
               "x": 7,
               "y": 22
            },
            "height": 267,
            "id": "cd3d867e-9824-492a-a595-316fd110f174",
            "title": "Disk IOPS",
            "type": "View"
         },
         {
            "collapsed": false,
            "config": {
               "chartViewItems": ["legend"],
               "isUpdatedView": true,
               "refreshContent": {"refreshContent": false},
               "refreshInterval": 300,
               "resource": null,
               "selectFirstRow": {"selectFirstRow": false},
               "selfProvider": {"selfProvider": false},
               "title": "Memory Guest OS Paging Rate (page/sec)",
               "traversalSpecId": "",
               "viewDefinitionId": "c52d1855-3d1c-4ecd-abf9-03b14d7f5e7c"
            },
            "gridsterCoords": {
               "h": 5,
               "w": 6,
               "x": 7,
               "y": 17
            },
            "height": 267,
            "id": "741354cc-5336-4fac-9b32-164d0e0a401b",
            "title": "Memory Guest OS Paging Rate (page/sec)",
            "type": "View"
         },
         {
            "collapsed": false,
            "config": {
               "chartViewItems": ["labels"],
               "isUpdatedView": true,
               "refreshContent": {"refreshContent": false},
               "refreshInterval": 300,
               "resource": null,
               "selectFirstRow": {"selectFirstRow": false},
               "selfProvider": {"selfProvider": false},
               "title": "VM Peak CPU Usage (%)",
               "traversalSpecId": "",
               "viewDefinitionId": "a419d5e2-88bf-4684-bff3-cf575ed081f5"
            },
            "gridsterCoords": {
               "h": 6,
               "w": 6,
               "x": 7,
               "y": 1
            },
            "height": 324,
            "id": "8430fba8-05a4-4419-8ad3-aa144ef5814d",
            "title": "VM Peak CPU Usage (%)",
            "type": "View"
         },
         {
            "collapsed": false,
            "config": {
               "additionalColumns": [],
               "customFilter": {
                  "excludedResources": null,
                  "filter": [],
                  "includedResources": null
               },
               "depth": 1,
               "filterMode": "tagPicker",
               "mode": "all",
               "refreshContent": {"refreshContent": false},
               "refreshInterval": 300,
               "relationshipMode": {"relationshipMode": 0},
               "resource": [],
               "selectFirstRow": {"selectFirstRow": false},
               "selfProvider": {"selfProvider": true},
               "tagFilter": {
                  "path": ["/source/kind/kind:resourceKind:id:0_::_"],
                  "value": {
                     "adapterInstance": [],
                     "adapterKind": [],
                     "bus": [],
                     "collector": [],
                     "day": [],
                     "exclaim": false,
                     "healthRange": [],
                     "kind": ["resourceKind:id:0_::_"],
                     "maintenanceSchedule": [],
                     "state": [],
                     "status": [],
                     "tag": [],
                     "tier": []
                  }
               },
               "title": "Cloud Projects"
            },
            "gridsterCoords": {
               "h": 6,
               "w": 6,
               "x": 1,
               "y": 1
            },
            "height": 324,
            "id": "862d145d-ee85-4ef2-9458-fd85036e4073",
            "states": [{
               "key": "permResGrid_widget_1c4eefaa-df6c-48ec-ae5e-76c693346b68_862d145d-ee85-4ef2-9458-fd85036e4073",
               "value": "o%3Acolumns%3Da%253Ao%25253Aid%25253Ds%2525253Ah1%25255Ehidden%25253Db%2525253A1%25255Ewidth%25253Dn%2525253A100%255Eo%25253Aid%25253Ds%2525253Ah2%255Eo%25253Aid%25253Ds%2525253Ah3%25255Ehidden%25253Db%2525253A1%25255Ewidth%25253Dn%2525253A100%255Eo%25253Aid%25253Ds%2525253Ah4%255Eo%25253Aid%25253Ds%2525253Ah5%255Eo%25253Aid%25253Ds%2525253Ah6%255Eo%25253Aid%25253Ds%2525253Ah7%25255Ehidden%25253Db%2525253A1%25255Ewidth%25253Dn%2525253A100%255Eo%25253Aid%25253Ds%2525253Ah8%25255Ehidden%25253Db%2525253A1%25255Ewidth%25253Dn%2525253A100%255Eo%25253Aid%25253Ds%2525253Ah9%25255Ehidden%25253Db%2525253A1%25255Ewidth%25253Dn%2525253A100%255Eo%25253Aid%25253Ds%2525253Ah10%25255Ehidden%25253Db%2525253A1%25255Ewidth%25253Dn%2525253A100%255Eo%25253Aid%25253Ds%2525253Ah11%25255Ehidden%25253Db%2525253A1%25255Ewidth%25253Dn%2525253A100%255Eo%25253Aid%25253Ds%2525253Ah12%25255Ehidden%25253Db%2525253A1%25255Ewidth%25253Dn%2525253A100%255Eo%25253Aid%25253Ds%2525253Ah13%25255Ehidden%25253Db%2525253A1%25255Ewidth%25253Dn%2525253A100%255Eo%25253Aid%25253Ds%2525253Ah14%255Eo%25253Aid%25253Ds%2525253Ah15%25255Ehidden%25253Db%2525253A0%255Eo%25253Aid%25253Ds%2525253Ah16%25255Ehidden%25253Db%2525253A1%25255Ewidth%25253Dn%2525253A100%255Eo%25253Aid%25253Ds%2525253AresourceRating%25255Ehidden%25253Db%2525253A1%255Eo%25253Aid%25253Ds%2525253Ah18%25255Ehidden%25253Db%2525253A1%25255Ewidth%25253Dn%2525253A100%255Eo%25253Aid%25253Ds%2525253Ah19%25255Ehidden%25253Db%2525253A1%25255Ewidth%25253Dn%2525253A100%255Eo%25253Aid%25253Ds%2525253Ah20%25255Ehidden%25253Db%2525253A1%25255Ewidth%25253Dn%2525253A100%255Eo%25253Aid%25253Ds%2525253Ah21%25255Ehidden%25253Db%2525253A1%25255Ewidth%25253Dn%2525253A100%255Eo%25253Aid%25253Ds%2525253Ah22%25255Ehidden%25253Db%2525253A1%25255Ewidth%25253Dn%2525253A100%255Eo%25253Aid%25253Ds%2525253Ah23%25255Ehidden%25253Db%2525253A1%25255Ewidth%25253Dn%2525253A100%255Eo%25253Aid%25253Ds%2525253Ah24%25255Ehidden%25253Db%2525253A1%25255Ewidth%25253Dn%2525253A100%255Eo%25253Aid%25253Ds%2525253Ah25%25255Ehidden%25253Db%2525253A1%25255Ewidth%25253Dn%2525253A100%255Eo%25253Aid%25253Ds%2525253Ah26%25255Ehidden%25253Db%2525253A1%25255Ewidth%25253Dn%2525253A100%255Eo%25253Aid%25253Ds%2525253Ah27%25255Ehidden%25253Db%2525253A1%25255Ewidth%25253Dn%2525253A100%255Eo%25253Aid%25253Ds%2525253Ah28%25255Ehidden%25253Db%2525253A1%25255Ewidth%25253Dn%2525253A100%255Eo%25253Aid%25253Ds%2525253Ah29%25255Ehidden%25253Db%2525253A1%25255Ewidth%25253Dn%2525253A100%255Eo%25253Aid%25253Ds%2525253Ah30%25255Ehidden%25253Db%2525253A1%25255Ewidth%25253Dn%2525253A100%255Eo%25253Aid%25253Ds%2525253Ah31%25255Ehidden%25253Db%2525253A1%25255Ewidth%25253Dn%2525253A100%255Eo%25253Aid%25253Ds%2525253Ah32%25255Ehidden%25253Db%2525253A1%25255Ewidth%25253Dn%2525253A100%255Eo%25253Aid%25253Ds%2525253Ah33%25255Ehidden%25253Db%2525253A1%25255Ewidth%25253Dn%2525253A100%255Eo%25253Aid%25253Ds%2525253Ah34%25255Ehidden%25253Db%2525253A1%25255Ewidth%25253Dn%2525253A100%255Eo%25253Aid%25253Ds%2525253Ah35%25255Ehidden%25253Db%2525253A1%25255Ewidth%25253Dn%2525253A100%255Eo%25253Aid%25253Ds%2525253Ah36%25255Ehidden%25253Db%2525253A1%25255Ewidth%25253Dn%2525253A100%255Eo%25253Aid%25253Ds%2525253Ah37%25255Ehidden%25253Db%2525253A1%25255Ewidth%25253Dn%2525253A100%255Eo%25253Aid%25253Ds%2525253Ah38%25255Ehidden%25253Db%2525253A1%25255Ewidth%25253Dn%2525253A100%255Eo%25253Aid%25253Ds%2525253Ah39%25255Ehidden%25253Db%2525253A1%25255Ewidth%25253Dn%2525253A100%255Eo%25253Aid%25253Ds%2525253Ah40%25255Ehidden%25253Db%2525253A1%25255Ewidth%25253Dn%2525253A100%255Eo%25253Aid%25253Ds%2525253Ah41%25255Ehidden%25253Db%2525253A1%25255Ewidth%25253Dn%2525253A100%255Eo%25253Aid%25253Ds%2525253Ah42%25255Ehidden%25253Db%2525253A1%25255Ewidth%25253Dn%2525253A100%255Eo%25253Aid%25253Ds%2525253Ah43%25255Ehidden%25253Db%2525253A1%25255Ewidth%25253Dn%2525253A100%255Eo%25253Aid%25253Ds%2525253Ah44%25255Ehidden%25253Db%2525253A1%25255Ewidth%25253Dn%2525253A100%255Eo%25253Aid%25253Ds%2525253Ah45%25255Ehidden%25253Db%2525253A1%25255Ewidth%25253Dn%2525253A100%255Eo%25253Aid%25253Ds%2525253Ah46%25255Ehidden%25253Db%2525253A1%25255Ewidth%25253Dn%2525253A100%255Eo%25253Aid%25253Ds%2525253Ah47%25255Ehidden%25253Db%2525253A1%25255Ewidth%25253Dn%2525253A100"
            }],
            "title": "Cloud Projects",
            "type": "ResourceList"
         }
      ]
   }],
   "entries": {"resourceKind": [{
      "adapterKindKey": "Container",
      "internalId": "resourceKind:id:0_::_",
      "resourceKindKey": "Cloud Project"
   }]},
   "uuid": "b53a888d-3c63-4a89-82bb-1f396dd612cc"
}